,Style_Color,ds,y
12837,DTA4E2531BL,2017-01-02,192
12838,DTA4E2531BL,2017-01-09,48
12839,DTA4E2531BL,2017-01-16,72
12840,DTA4E2531BL,2017-01-23,48
12841,DTA4E2531BL,2017-01-30,12
12842,DTA4E2531BL,2017-02-13,48
12843,DTA4E2531BL,2017-03-06,48
12844,DTA4E2531BL,2017-03-13,48
12845,DTA4E2531BL,2017-03-20,84
12846,DTA4E2531BL,2017-03-27,36
12847,DTA4E2531BL,2017-04-03,12
12848,DTA4E2531BL,2017-04-10,12
12849,DTA4E2531BL,2017-05-01,108
12850,DTA4E2531BL,2017-05-08,216
12851,DTA4E2531BL,2017-05-22,12
12852,DTA4E2531BL,2017-05-29,24
12853,DTA4E2531BL,2017-06-05,36
12854,DTA4E2531BL,2017-06-12,84
12855,DTA4E2531BL,2017-07-03,24
12856,DTA4E2531BL,2017-07-10,24
12857,DTA4E2531BL,2017-07-17,60
12858,DTA4E2531BL,2017-07-24,12
12859,DTA4E2531BL,2017-10-16,72
12860,DTA4E2531BL,2017-11-13,120
12861,DTA4E2531BL,2017-11-27,72
12862,DTA4E2531BL,2017-12-04,60
12863,DTA4E2531BL,2017-12-25,120
12864,DTA4E2531BL,2018-01-01,12
12865,DTA4E2531BL,2018-01-08,84
12866,DTA4E2531BL,2018-01-15,48
12867,DTA4E2531BL,2018-01-29,84
12868,DTA4E2531BL,2018-02-05,84
12869,DTA4E2531BL,2018-03-05,84
12870,DTA4E2531BL,2018-03-19,36
12871,DTA4E2531BL,2018-03-26,48
12872,DTA4E2531BL,2018-04-16,48
12873,DTA4E2531BL,2018-05-21,96
12874,DTA4E2531BL,2018-06-04,60
12875,DTA4E2531BL,2018-06-11,36
12876,DTA4E2531BL,2018-06-18,36
12877,DTA4E2531BL,2018-07-02,12
12878,DTA4E2531BL,2018-08-06,36
12879,DTA4E2531BL,2018-08-13,48
12880,DTA4E2531BL,2018-08-20,60
12881,DTA4E2531BLS,2017-01-02,300
12882,DTA4E2531BLS,2017-01-09,60
12883,DTA4E2531BLS,2017-01-16,96
12884,DTA4E2531BLS,2017-01-23,72
12885,DTA4E2531BLS,2017-02-13,48
12886,DTA4E2531BLS,2017-02-20,24
12887,DTA4E2531BLS,2017-03-06,24
12888,DTA4E2531BLS,2017-03-13,84
12889,DTA4E2531BLS,2017-03-20,84
12890,DTA4E2531BLS,2017-03-27,36
12891,DTA4E2531BLS,2017-04-10,132
12892,DTA4E2531BLS,2017-05-08,276
12893,DTA4E2531BLS,2017-05-15,60
12894,DTA4E2531BLS,2017-05-22,12
12895,DTA4E2531BLS,2017-05-29,36
12896,DTA4E2531BLS,2017-06-05,36
12897,DTA4E2531BLS,2017-06-12,144
12898,DTA4E2531BLS,2017-06-19,24
12899,DTA4E2531BLS,2017-07-03,23
12900,DTA4E2531BLS,2017-07-24,12
12901,DTA4E2531BLS,2017-07-31,108
12902,DTA4E2531BLS,2017-10-16,96
12903,DTA4E2531BLS,2017-10-23,24
12904,DTA4E2531BLS,2017-11-27,96
12905,DTA4E2531BLS,2017-12-04,72
12906,DTA4E2531BLS,2017-12-25,216
12907,DTA4E2531BLS,2018-01-01,36
12908,DTA4E2531BLS,2018-01-08,96
12909,DTA4E2531BLS,2018-01-15,48
12910,DTA4E2531BLS,2018-01-22,12
12911,DTA4E2531BLS,2018-01-29,12
12912,DTA4E2531BLS,2018-02-05,24
12913,DTA4E2531BLS,2018-02-26,24
12914,DTA4E2531BLS,2018-03-05,12
12915,DTA4E2531BLS,2018-03-19,12
12916,DTA4E2531BLS,2018-03-26,36
12917,DTA4E2531BLS,2018-04-02,12
12918,DTA4E2531BLS,2018-04-16,60
12919,DTA4E2531BLS,2018-04-23,48
12920,DTA4E2531BLS,2018-04-30,60
12921,DTA4E2531BLS,2018-05-14,132
12922,DTA4E2531BLS,2018-05-21,48
12923,DTA4E2531BLS,2018-06-04,48
12924,DTA4E2531BLS,2018-07-02,192
12925,DTA4E2531BLS,2018-07-16,36
12926,DTA4E2531BLS,2018-07-30,12
12927,DTA4E2531BLS,2018-08-13,60
12928,DTA4E2531BLS,2018-08-20,72
12929,DTA4E2531BLS,2018-09-03,60
12930,DTA4E2531BLS,2018-09-10,36
12931,DTA4E2531BLS,2018-09-17,12
12932,DTA4E2531BLS,2018-10-01,12
12933,DTA4E2531BRN,2017-01-02,132
12934,DTA4E2531BRN,2017-01-09,48
12935,DTA4E2531BRN,2017-01-16,72
12936,DTA4E2531BRN,2017-01-30,12
12937,DTA4E2531BRN,2017-02-20,36
12938,DTA4E2531BRN,2017-03-06,12
12939,DTA4E2531BRN,2017-03-13,12
12940,DTA4E2531BRN,2017-03-27,84
12941,DTA4E2531BRN,2017-04-10,36
12942,DTA4E2531BRN,2017-05-08,60
12943,DTA4E2531BRN,2017-05-29,12
12944,DTA4E2531BRN,2017-06-12,120
12945,DTA4E2531BRN,2017-06-19,24
12946,DTA4E2531BRN,2017-06-26,60
12947,DTA4E2531BRN,2017-07-24,48
12948,DTA4E2531BRN,2017-07-31,60
12949,DTA4E2531BRN,2017-08-14,24
12950,DTA4E2531BRN,2017-08-21,12
12951,DTA4E2531BRN,2017-08-28,36
12952,DTA4E2531BRN,2017-09-18,216
12953,DTA4E2531BRN,2017-10-09,24
12954,DTA4E2531BRN,2017-10-16,84
12955,DTA4E2531BRN,2017-12-11,24
12956,DTA4E2531BRN,2017-12-25,96
12957,DTA4E2531BRN,2018-01-01,12
12958,DTA4E2531BRN,2018-01-08,12
12959,DTA4E2531BRN,2018-01-29,12
12960,DTA4E2531BRN,2018-02-05,120
12961,DTA4E2531BRN,2018-03-19,48
12962,DTA4E2531BRN,2018-03-26,36
12963,DTA4E2531BRN,2018-04-30,59
12964,DTA4E2531BRN,2018-05-14,120
12965,DTA4E2531BRN,2018-06-11,60
12966,DTA4E2531BRN,2018-07-02,36
12967,DTA4E2531BRN,2018-07-16,12
12968,DTA4E2531BRN,2018-07-23,12
12969,DTA4E2531BRN,2018-07-30,36
12970,DTA4E2531BRN,2018-08-06,24
12971,DTA4E2531BRN,2018-08-27,12
12972,DTA4E2531BRN,2018-09-03,60
12973,DTA4E2531BRN,2018-09-10,36
12974,DTA4E2531BRN,2018-09-17,36
13022,DTA4E2531GRY,2017-07-03,36
13023,DTA4E2531GRY,2017-07-10,204
13024,DTA4E2531GRY,2017-07-24,168
13025,DTA4E2531GRY,2017-07-31,60
13026,DTA4E2531GRY,2017-08-07,12
13027,DTA4E2531GRY,2017-08-14,24
13028,DTA4E2531GRY,2017-08-21,31
13029,DTA4E2531GRY,2017-08-28,36
13030,DTA4E2531GRY,2017-09-04,24
13031,DTA4E2531GRY,2017-09-11,120
13032,DTA4E2531GRY,2017-09-18,108
13033,DTA4E2531GRY,2017-09-25,36
13034,DTA4E2531GRY,2017-10-09,24
13035,DTA4E2531GRY,2017-10-16,72
13036,DTA4E2531GRY,2017-11-27,144
13037,DTA4E2531GRY,2017-12-04,84
13038,DTA4E2531GRY,2017-12-11,72
13039,DTA4E2531GRY,2017-12-25,192
13040,DTA4E2531GRY,2018-01-01,36
13041,DTA4E2531GRY,2018-01-08,132
13042,DTA4E2531GRY,2018-01-15,84
13043,DTA4E2531GRY,2018-01-22,24
13044,DTA4E2531GRY,2018-01-29,96
13045,DTA4E2531GRY,2018-02-05,120
13046,DTA4E2531GRY,2018-02-12,36
13047,DTA4E2531GRY,2018-02-26,24
13048,DTA4E2531GRY,2018-03-05,48
13049,DTA4E2531GRY,2018-03-12,12
13050,DTA4E2531GRY,2018-03-19,96
13051,DTA4E2531GRY,2018-03-26,96
13052,DTA4E2531GRY,2018-04-02,24
13053,DTA4E2531GRY,2018-04-09,48
13054,DTA4E2531GRY,2018-04-23,12
13055,DTA4E2531GRY,2018-05-14,240
13056,DTA4E2531GRY,2018-05-21,108
13057,DTA4E2531GRY,2018-06-04,48
13058,DTA4E2531GRY,2018-06-11,36
13059,DTA4E2531GRY,2018-06-25,48
13060,DTA4E2531GRY,2018-07-02,180
13061,DTA4E2531GRY,2018-07-09,108
13062,DTA4E2531GRY,2018-07-16,108
13063,DTA4E2531GRY,2018-07-23,24
13064,DTA4E2531GRY,2018-07-30,24
13065,DTA4E2531GRY,2018-08-06,96
13066,DTA4E2531GRY,2018-08-13,60
13067,DTA4E2531GRY,2018-08-20,120
13068,DTA4E2531GRY,2018-08-27,72
13069,DTA4E2531GRY,2018-09-03,84
13070,DTA4E2531GRY,2018-09-10,108
13071,DTA4E2531GRY,2018-10-01,12
13072,DTA4E2531IV,2017-01-02,240
13073,DTA4E2531IV,2017-01-16,204
13074,DTA4E2531IV,2017-01-23,84
13075,DTA4E2531IV,2017-03-06,48
13076,DTA4E2531IV,2017-03-13,12
13077,DTA4E2531IV,2017-03-20,48
13078,DTA4E2531IV,2017-03-27,132
13079,DTA4E2531IV,2017-04-10,120
13080,DTA4E2531IV,2017-04-17,36
13081,DTA4E2531IV,2017-04-24,72
13082,DTA4E2531IV,2017-05-01,48
13083,DTA4E2531IV,2017-05-08,252
13084,DTA4E2531IV,2017-05-15,36
13085,DTA4E2531IV,2017-05-22,12
13086,DTA4E2531IV,2017-05-29,36
13087,DTA4E2531IV,2017-06-05,60
13088,DTA4E2531IV,2017-06-12,120
13089,DTA4E2531IV,2017-06-19,24
13090,DTA4E2531IV,2017-07-03,36
13091,DTA4E2531IV,2017-07-10,156
13092,DTA4E2531IV,2017-07-24,108
13093,DTA4E2531IV,2017-07-31,108
13094,DTA4E2531IV,2017-08-07,168
13095,DTA4E2531IV,2017-08-14,96
13096,DTA4E2531IV,2017-09-11,108
13097,DTA4E2531IV,2017-09-18,228
13098,DTA4E2531IV,2017-09-25,24
13099,DTA4E2531IV,2017-10-16,120
13100,DTA4E2531IV,2017-11-27,168
13101,DTA4E2531IV,2017-12-04,72
13102,DTA4E2531IV,2017-12-11,24
13103,DTA4E2531IV,2017-12-25,132
13104,DTA4E2531IV,2018-01-01,48
13105,DTA4E2531IV,2018-01-08,96
13106,DTA4E2531IV,2018-01-15,84
13107,DTA4E2531IV,2018-01-22,36
13108,DTA4E2531IV,2018-01-29,96
13109,DTA4E2531IV,2018-02-05,60
13110,DTA4E2531IV,2018-02-12,60
13111,DTA4E2531IV,2018-02-19,24
13112,DTA4E2531IV,2018-02-26,24
13113,DTA4E2531IV,2018-03-05,144
13114,DTA4E2531IV,2018-03-19,84
13115,DTA4E2531IV,2018-04-23,240
13116,DTA4E2531IV,2018-05-14,108
13117,DTA4E2531IV,2018-06-04,132
13118,DTA4E2531IV,2018-06-11,48
13119,DTA4E2531IV,2018-06-18,60
13120,DTA4E2531IV,2018-07-02,168
13121,DTA4E2531IV,2018-07-09,72
13122,DTA4E2531IV,2018-07-16,36
13123,DTA4E2531IV,2018-07-23,108
13124,DTA4E2531IV,2018-07-30,36
13125,DTA4E2531IV,2018-08-06,84
13126,DTA4E2531IV,2018-08-13,60
13127,DTA4E2531IV,2018-08-20,24
13128,DTA4E2531IV,2018-09-03,60
13129,DTA4E2531IV,2018-09-10,24
13130,DTA4E2531IV,2018-09-17,108
13131,DTA4E2531IV,2018-10-01,24
13144,DTA4E2531JET,2017-01-02,180
13145,DTA4E2531JET,2017-01-16,204
13146,DTA4E2531JET,2017-01-23,36
13147,DTA4E2531JET,2017-03-06,48
13148,DTA4E2531JET,2017-03-20,12
13149,DTA4E2531JET,2017-03-27,180
13150,DTA4E2531JET,2017-04-10,72
13151,DTA4E2531JET,2017-04-17,36
13152,DTA4E2531JET,2017-04-24,60
13153,DTA4E2531JET,2017-05-01,48
13154,DTA4E2531JET,2017-05-08,168
13155,DTA4E2531JET,2017-05-15,24
13156,DTA4E2531JET,2017-06-05,36
13157,DTA4E2531JET,2017-06-12,180
13158,DTA4E2531JET,2017-06-19,24
13159,DTA4E2531JET,2017-07-03,96
13160,DTA4E2531JET,2017-07-10,96
13161,DTA4E2531JET,2017-07-17,192
13162,DTA4E2531JET,2017-07-24,12
13163,DTA4E2531JET,2017-07-31,96
13164,DTA4E2531JET,2017-08-14,120
13165,DTA4E2531JET,2017-08-21,20
13166,DTA4E2531JET,2017-08-28,12
13167,DTA4E2531JET,2017-09-11,120
13168,DTA4E2531JET,2017-09-18,132
13169,DTA4E2531JET,2017-09-25,36
13170,DTA4E2531JET,2017-10-09,36
13171,DTA4E2531JET,2017-10-16,144
13172,DTA4E2531JET,2017-10-23,12
13173,DTA4E2531JET,2017-10-30,12
13174,DTA4E2531JET,2017-11-13,60
13175,DTA4E2531JET,2017-11-27,168
13176,DTA4E2531JET,2017-12-04,48
13177,DTA4E2531JET,2017-12-11,24
13178,DTA4E2531JET,2017-12-25,108
13179,DTA4E2531JET,2018-01-01,36
13180,DTA4E2531JET,2018-01-08,120
13181,DTA4E2531JET,2018-01-15,84
13182,DTA4E2531JET,2018-01-22,36
13183,DTA4E2531JET,2018-01-29,23
13184,DTA4E2531JET,2018-02-05,12
13185,DTA4E2531JET,2018-03-05,72
13186,DTA4E2531JET,2018-03-12,12
13187,DTA4E2531JET,2018-03-19,84
13188,DTA4E2531JET,2018-03-26,12
13189,DTA4E2531JET,2018-04-23,240
13190,DTA4E2531JET,2018-05-21,168
13191,DTA4E2531JET,2018-05-28,120
13192,DTA4E2531JET,2018-06-04,72
13193,DTA4E2531JET,2018-06-11,144
13194,DTA4E2531JET,2018-06-18,72
13195,DTA4E2531JET,2018-07-02,144
13196,DTA4E2531JET,2018-07-09,108
13197,DTA4E2531JET,2018-07-16,48
13198,DTA4E2531JET,2018-07-23,156
13199,DTA4E2531JET,2018-07-30,60
13200,DTA4E2531JET,2018-08-06,192
13201,DTA4E2531JET,2018-08-13,72
13202,DTA4E2531JET,2018-08-20,12
13203,DTA4E2531JET,2018-08-27,12
13204,DTA4E2531JET,2018-09-03,84
13205,DTA4E2531JET,2018-09-10,48
13206,DTA4E2531JET,2018-09-17,156
13207,DTA4E2531JET,2018-09-24,60
13208,DTA4E2531JET,2018-10-01,24
18910,DTA5E8501IV,2017-05-15,132
18911,DTA5E8501IV,2017-05-22,84
18912,DTA5E8501IV,2017-05-29,48
18913,DTA5E8501IV,2017-06-05,24
18914,DTA5E8501IV,2017-06-12,12
18915,DTA5E8501IV,2017-06-19,48
18916,DTA5E8501IV,2017-06-26,48
18917,DTA5E8501IV,2017-07-10,36
18918,DTA5E8501IV,2017-07-17,24
18919,DTA5E8501IV,2017-07-31,24
18920,DTA5E8501IV,2017-08-07,144
18921,DTA5E8501IV,2017-08-14,12
18922,DTA5E8501IV,2017-09-18,48
18923,DTA5E8501IV,2017-09-25,24
18924,DTA5E8501IV,2017-10-02,36
18925,DTA5E8501IV,2017-11-20,12
18926,DTA5E8501IV,2017-11-27,108
18927,DTA5E8501IV,2017-12-04,48
18928,DTA5E8501IV,2017-12-18,12
18929,DTA5E8501IV,2018-01-01,12
18930,DTA5E8501IV,2018-01-08,96
18931,DTA5E8501IV,2018-01-15,24
18932,DTA5E8501IV,2018-01-22,48
18933,DTA5E8501IV,2018-01-29,24
18934,DTA5E8501IV,2018-02-05,24
18935,DTA5E8501IV,2018-02-12,24
18936,DTA5E8501IV,2018-03-12,24
18937,DTA5E8501IV,2018-03-19,12
18938,DTA5E8501IV,2018-04-09,48
18939,DTA5E8501IV,2018-04-23,36
18940,DTA5E8501IV,2018-04-30,12
19093,DTA5N2713RH,2017-03-06,48
19094,DTA5N2713RH,2017-03-13,48
19095,DTA5N2713RH,2017-03-20,12
19096,DTA5N2713RH,2017-03-27,12
19097,DTA5N2713RH,2017-04-17,72
19098,DTA5N2713RH,2017-04-24,48
19099,DTA5N2713RH,2017-05-08,12
19100,DTA5N2713RH,2017-05-15,12
19101,DTA5N2713RH,2017-05-22,36
19102,DTA5N2713RH,2017-05-29,12
19103,DTA5N2713RH,2017-06-05,48
19104,DTA5N2713RH,2017-07-17,60
19105,DTA5N2713RH,2017-08-07,12
19106,DTA5N2713RH,2017-08-14,24
19107,DTA5N2713RH,2017-08-21,12
19108,DTA5N2713RH,2017-08-28,36
19109,DTA5N2713RH,2017-09-11,36
19110,DTA5N2713RH,2017-09-18,12
19111,DTA5N2713RH,2017-09-25,24
19112,DTA5N2713RH,2017-10-09,120
19113,DTA5N2713RH,2017-10-23,72
19114,DTA5N2713RH,2017-11-06,12
19115,DTA5N2713RH,2017-11-20,24
19116,DTA5N2713RH,2017-12-04,24
19117,DTA5N2713RH,2018-01-15,12
19118,DTA5N2713RH,2018-03-19,12
19119,DTA5N2713RH,2018-03-26,12
19120,DTA5N2713RH,2018-05-07,12
19121,DTA5N2713RH,2018-06-04,12
19122,DTA5N2713RH,2018-06-11,12
19123,DTA5N2713WG,2017-03-06,60
19124,DTA5N2713WG,2017-03-13,24
19125,DTA5N2713WG,2017-03-20,12
19126,DTA5N2713WG,2017-03-27,156
19127,DTA5N2713WG,2017-04-10,84
19128,DTA5N2713WG,2017-04-17,48
19129,DTA5N2713WG,2017-04-24,24
19130,DTA5N2713WG,2017-05-01,48
19131,DTA5N2713WG,2017-05-08,12
19132,DTA5N2713WG,2017-05-15,12
19133,DTA5N2713WG,2017-05-22,48
19134,DTA5N2713WG,2017-06-05,36
19135,DTA5N2713WG,2017-07-17,120
19136,DTA5N2713WG,2017-08-07,36
19137,DTA5N2713WG,2017-08-14,48
19138,DTA5N2713WG,2017-08-21,12
19139,DTA5N2713WG,2017-08-28,24
19140,DTA5N2713WG,2017-09-11,144
19141,DTA5N2713WG,2017-09-18,12
19142,DTA5N2713WG,2017-09-25,24
19143,DTA5N2713WG,2017-10-23,108
19144,DTA5N2713WG,2017-10-30,24
19145,DTA5N2713WG,2017-11-06,48
19146,DTA5N2713WG,2017-11-20,36
19147,DTA5N2713WG,2017-12-11,120
19148,DTA5N2713WG,2018-02-05,12
19149,DTA5N2713WG,2018-03-26,12
19150,DTA5N2713WG,2018-05-07,46
19151,DTA5N2713WG,2018-06-04,12
19152,DTA5N2713WG,2018-06-11,12
21269,DTA5N6207HOW,2017-04-17,36
21270,DTA5N6207HOW,2017-04-24,144
21271,DTA5N6207HOW,2017-05-01,120
21272,DTA5N6207HOW,2017-05-08,96
21273,DTA5N6207HOW,2017-05-15,12
21274,DTA5N6207HOW,2017-06-12,12
21275,DTA5N6207HOW,2017-06-19,12
21276,DTA5N6207HOW,2017-07-24,12
21277,DTA5N6207HOW,2017-08-14,24
21278,DTA5N6207HOW,2017-08-28,24
21279,DTA5N6207HOW,2017-09-11,12
21280,DTA5N6207HOW,2017-09-18,86
21281,DTA5N6207HOW,2017-09-25,87
21282,DTA5N6207HOW,2017-10-02,12
21283,DTA5N6207HOW,2017-10-09,78
21284,DTA5N6207HOW,2017-10-16,63
21285,DTA5N6207HOW,2017-10-23,43
21286,DTA5N6207HOW,2017-10-30,78
21287,DTA5N6207HOW,2017-11-06,18
21288,DTA5N6207HOW,2017-11-13,88
21289,DTA5N6207HOW,2017-11-27,49
21290,DTA5N6207HOW,2017-12-04,81
21291,DTA5N6207HOW,2017-12-25,5
21292,DTA5N6207HOW,2018-01-01,9
21293,DTA5N6207HOW,2018-01-08,12
21294,DTA5N6207HOW,2018-01-15,27
21295,DTA5N6207HOW,2018-01-22,35
21296,DTA5N6207HOW,2018-01-29,13
21297,DTA5N6207HOW,2018-02-05,2
21298,DTA5N6207HOW,2018-02-12,10
21299,DTA5N6207HOW,2018-02-19,21
21300,DTA5N6207HOW,2018-02-26,12
21301,DTA5N6207HOW,2018-03-05,7
21302,DTA5N6207HOW,2018-03-12,11
21303,DTA5N6207HOW,2018-03-19,25
21304,DTA5N6207HOW,2018-03-26,25
21305,DTA5N6207HOW,2018-04-02,15
21306,DTA5N6207HOW,2018-04-09,21
21307,DTA5N6207HOW,2018-04-16,17
23904,DTA6E4227WG,2017-11-06,36
23905,DTA6E4227WG,2017-11-13,84
23906,DTA6E4227WG,2017-11-20,12
23907,DTA6E4227WG,2017-11-27,48
23908,DTA6E4227WG,2017-12-04,120
23909,DTA6E4227WG,2017-12-18,1
23910,DTA6E4227WG,2017-12-25,60
23911,DTA6E4227WG,2018-01-01,168
23912,DTA6E4227WG,2018-01-08,24
23913,DTA6E4227WG,2018-01-15,12
23914,DTA6E4227WG,2018-01-22,35
23915,DTA6E4227WG,2018-02-12,96
23916,DTA6E4227WG,2018-02-26,48
23917,DTA6E4227WG,2018-03-05,36
23918,DTA6E4227WG,2018-03-19,12
23919,DTA6E4227WG,2018-04-02,36
23920,DTA6E4227WG,2018-04-09,48
23921,DTA6E4227WG,2018-04-16,12
23922,DTA6E4227WG,2018-04-23,24
23923,DTA6E4227WG,2018-04-30,12
23924,DTA6E4227WG,2018-05-07,204
23925,DTA6E4227WG,2018-05-14,48
23926,DTA6E4227WG,2018-06-04,12
23927,DTA6E4227WG,2018-06-11,48
23928,DTA6E4227WG,2018-06-18,108
23929,DTA6E4227WG,2018-06-25,24
23930,DTA6E4227WG,2018-07-02,12
23931,DTA6E4227WG,2018-07-09,60
23932,DTA6E4227WG,2018-07-23,60
23933,DTA6E4227WG,2018-07-30,12
23934,DTA6E4227WG,2018-08-06,180
23935,DTA6E4227WG,2018-08-13,12
23936,DTA6E4227WG,2018-09-03,12
23937,DTA6E4227WG,2018-09-10,24
26687,DTA6N4227RH,2017-10-23,84
26688,DTA6N4227RH,2017-10-30,84
26689,DTA6N4227RH,2017-11-13,12
26690,DTA6N4227RH,2017-11-27,24
26691,DTA6N4227RH,2017-12-04,96
26692,DTA6N4227RH,2017-12-18,12
26693,DTA6N4227RH,2017-12-25,60
26694,DTA6N4227RH,2018-01-01,84
26695,DTA6N4227RH,2018-01-08,60
26696,DTA6N4227RH,2018-01-15,12
26697,DTA6N4227RH,2018-01-22,12
26698,DTA6N4227RH,2018-01-29,48
26699,DTA6N4227RH,2018-02-12,12
26700,DTA6N4227RH,2018-02-26,72
26701,DTA6N4227RH,2018-03-05,12
26702,DTA6N4227RH,2018-03-12,72
26703,DTA6N4227RH,2018-03-19,72
26704,DTA6N4227RH,2018-04-30,96
26705,DTA6N4227RH,2018-05-07,36
26706,DTA6N4227RH,2018-05-14,24
26707,DTA6N4227RH,2018-05-21,24
26708,DTA6N4227RH,2018-05-28,72
26709,DTA6N4227RH,2018-06-04,12
26710,DTA6N4227RH,2018-06-11,24
26711,DTA6N4227RH,2018-07-02,12
26712,DTA6N4227RH,2018-07-23,72
26713,DTA6N4227RH,2018-07-30,36
26714,DTA6N4227RH,2018-08-06,60
26715,DTA6N4227RH,2018-08-27,12
26716,DTA6N4227RH,2018-09-24,72
28447,DTA6N8502GRY,2017-07-03,120
28448,DTA6N8502GRY,2017-07-10,120
28449,DTA6N8502GRY,2017-07-17,144
28450,DTA6N8502GRY,2017-07-24,24
28451,DTA6N8502GRY,2017-07-31,72
28452,DTA6N8502GRY,2017-08-07,108
28453,DTA6N8502GRY,2017-08-14,60
28454,DTA6N8502GRY,2017-08-21,60
28455,DTA6N8502GRY,2017-08-28,60
28456,DTA6N8502GRY,2017-09-04,96
28457,DTA6N8502GRY,2017-09-11,12
28458,DTA6N8502GRY,2017-09-18,96
28459,DTA6N8502GRY,2017-09-25,12
28460,DTA6N8502GRY,2017-10-02,24
28461,DTA6N8502GRY,2017-10-09,36
28462,DTA6N8502GRY,2017-10-16,60
28463,DTA6N8502GRY,2017-10-30,9
28464,DTA6N8502GRY,2017-11-13,12
28465,DTA6N8502GRY,2017-11-20,24
28466,DTA6N8502GRY,2017-11-27,36
28467,DTA6N8502GRY,2017-12-04,60
28468,DTA6N8502GRY,2017-12-11,48
28469,DTA6N8502GRY,2017-12-18,36
28470,DTA6N8502GRY,2017-12-25,12
28471,DTA6N8502GRY,2018-01-01,59
28472,DTA6N8502GRY,2018-01-08,84
28473,DTA6N8502GRY,2018-01-22,36
28474,DTA6N8502GRY,2018-01-29,36
28475,DTA6N8502GRY,2018-03-19,12
28476,DTA6N8502GRY,2018-05-28,12
28477,DTA6N8502GRY,2018-06-18,12
28478,DTA6N8502IV,2017-07-03,60
28479,DTA6N8502IV,2017-07-10,36
28480,DTA6N8502IV,2017-07-17,108
28481,DTA6N8502IV,2017-07-24,12
28482,DTA6N8502IV,2017-07-31,36
28483,DTA6N8502IV,2017-08-07,24
28484,DTA6N8502IV,2017-08-14,48
28485,DTA6N8502IV,2017-08-21,24
28486,DTA6N8502IV,2017-09-04,48
28487,DTA6N8502IV,2017-09-11,48
28488,DTA6N8502IV,2017-09-18,12
28489,DTA6N8502IV,2017-09-25,36
28490,DTA6N8502IV,2017-10-02,12
28491,DTA6N8502IV,2017-10-09,11
28492,DTA6N8502IV,2017-11-06,12
28493,DTA6N8502IV,2017-11-13,36
28494,DTA6N8502IV,2017-11-20,36
28495,DTA6N8502IV,2017-11-27,12
28496,DTA6N8502IV,2017-12-04,24
28497,DTA6N8502IV,2017-12-11,12
28498,DTA6N8502IV,2017-12-18,24
28499,DTA6N8502IV,2017-12-25,12
28500,DTA6N8502IV,2018-01-01,36
28501,DTA6N8502IV,2018-01-08,60
28502,DTA6N8502IV,2018-01-22,48
28503,DTA6N8502IV,2018-01-29,24
28504,DTA6N8502IV,2018-02-12,12
28505,DTA6N8502IV,2018-03-12,12
28506,DTA6N8502IV,2018-03-19,36
28507,DTA6N8502IV,2018-04-09,12
28508,DTA6N8502IV,2018-06-04,12
28509,DTA6N8502IV,2018-08-13,48
28510,DTA6N8502JET,2017-07-03,144
28511,DTA6N8502JET,2017-07-10,168
28512,DTA6N8502JET,2017-07-17,168
28513,DTA6N8502JET,2017-07-24,60
28514,DTA6N8502JET,2017-07-31,48
28515,DTA6N8502JET,2017-08-07,144
28516,DTA6N8502JET,2017-08-14,180
28517,DTA6N8502JET,2017-08-21,12
28518,DTA6N8502JET,2017-09-04,24
28519,DTA6N8502JET,2017-09-18,120
28520,DTA6N8502JET,2017-09-25,84
28521,DTA6N8502JET,2017-10-02,36
28522,DTA6N8502JET,2017-10-09,48
28523,DTA6N8502JET,2017-10-16,36
28524,DTA6N8502JET,2017-10-30,72
28525,DTA6N8502JET,2017-11-06,35
28526,DTA6N8502JET,2017-11-13,24
28527,DTA6N8502JET,2017-11-20,12
28528,DTA6N8502JET,2017-11-27,36
28529,DTA6N8502JET,2017-12-04,72
28530,DTA6N8502JET,2017-12-11,60
28531,DTA6N8502JET,2017-12-18,24
28532,DTA6N8502JET,2017-12-25,12
28533,DTA6N8502JET,2018-01-01,48
28534,DTA6N8502JET,2018-01-08,24
28535,DTA6N8502JET,2018-01-22,48
28536,DTA6N8502JET,2018-01-29,48
28537,DTA6N8502JET,2018-02-12,12
28538,DTA6N8502JET,2018-03-05,12
28539,DTA6N8502JET,2018-03-12,12
28540,DTA6N8502JET,2018-03-19,36
28541,DTA6N8502JET,2018-04-02,12
28542,DTA6N8502JET,2018-05-07,12
28543,DTA6N8502JET,2018-05-28,12
28544,DTA6N8502JET,2018-06-04,12
28545,DTA6N8502JET,2018-06-25,48
36196,DTAE1727GD-OPL,2016-09-26,54
36197,DTAE1727GD-OPL,2016-10-03,63
36198,DTAE1727GD-OPL,2016-10-10,2
36199,DTAE1727GD-OPL,2016-10-17,3
36200,DTAE1727GD-OPL,2016-10-24,4
36201,DTAE1727GD-OPL,2016-10-31,7
36202,DTAE1727GD-OPL,2016-11-07,6
36203,DTAE1727GD-OPL,2016-11-14,9
36204,DTAE1727GD-OPL,2016-11-21,11
36205,DTAE1727GD-OPL,2016-11-28,14
36206,DTAE1727GD-OPL,2016-12-12,4
36207,DTAE1727GD-OPL,2016-12-19,6
36208,DTAE1727GD-OPL,2017-01-09,13
36209,DTAE1727GD-OPL,2017-01-23,45
36210,DTAE1727GD-OPL,2017-01-30,6
36211,DTAE1727GD-OPL,2017-02-06,1
36212,DTAE1727GD-OPL,2017-02-13,5
36213,DTAE1727GD-OPL,2017-02-20,6
36214,DTAE1727GD-OPL,2017-02-27,12
36215,DTAE1727GD-OPL,2017-03-06,12
36216,DTAE1727GD-OPL,2017-03-13,9
36217,DTAE1727GD-OPL,2017-03-20,10
36218,DTAE1727GD-OPL,2017-03-27,2
36219,DTAE1727GD-OPL,2017-04-03,18
36220,DTAE1727GD-OPL,2017-04-10,19
36221,DTAE1727GD-OPL,2017-04-17,11
36222,DTAE1727GD-OPL,2017-04-24,7
36223,DTAE1727GD-OPL,2017-05-01,27
36224,DTAE1727GD-OPL,2017-05-08,13
36225,DTAE1727GD-OPL,2017-05-15,10
36226,DTAE1727GD-OPL,2017-05-29,22
36227,DTAE1727GD-OPL,2017-06-05,23
36228,DTAE1727GD-OPL,2017-06-12,17
36718,DTAE2118RSG-RSG,2016-01-11,12
36719,DTAE2118RSG-RSG,2016-02-01,12
36720,DTAE2118RSG-RSG,2016-02-08,12
36721,DTAE2118RSG-RSG,2016-03-07,24
36722,DTAE2118RSG-RSG,2016-04-11,96
36723,DTAE2118RSG-RSG,2016-05-02,12
36724,DTAE2118RSG-RSG,2016-05-09,12
36725,DTAE2118RSG-RSG,2016-06-20,12
36726,DTAE2118RSG-RSG,2016-06-27,7
36727,DTAE2118RSG-RSG,2016-07-04,11
36728,DTAE2118RSG-RSG,2016-07-11,12
36729,DTAE2118RSG-RSG,2016-07-18,17
36730,DTAE2118RSG-RSG,2016-07-25,13
36731,DTAE2118RSG-RSG,2016-08-01,27
36732,DTAE2118RSG-RSG,2016-08-08,14
36733,DTAE2118RSG-RSG,2016-08-15,8
36734,DTAE2118RSG-RSG,2016-08-22,13
36735,DTAE2118RSG-RSG,2016-08-29,7
36736,DTAE2118RSG-RSG,2016-09-05,39
36737,DTAE2118RSG-RSG,2016-09-12,14
36738,DTAE2118RSG-RSG,2016-09-19,17
36739,DTAE2118RSG-RSG,2016-09-26,18
36740,DTAE2118RSG-RSG,2016-10-03,102
36741,DTAE2118RSG-RSG,2016-10-10,16
36742,DTAE2118RSG-RSG,2016-10-17,9
36743,DTAE2118RSG-RSG,2016-10-24,22
36744,DTAE2118RSG-RSG,2016-10-31,119
36745,DTAE2118RSG-RSG,2016-11-07,15
36746,DTAE2118RSG-RSG,2016-11-14,16
36747,DTAE2118RSG-RSG,2016-11-21,6
36748,DTAE2118RSG-RSG,2016-11-28,28
36749,DTAE2118RSG-RSG,2016-12-12,2
36750,DTAE2118RSG-RSG,2016-12-19,16
36751,DTAE2118RSG-RSG,2017-01-09,22
36752,DTAE2118RSG-RSG,2017-01-23,42
36753,DTAE2118RSG-RSG,2017-01-30,6
36754,DTAE2118RSG-RSG,2017-02-06,1
36755,DTAE2118RSG-RSG,2017-02-13,7
36756,DTAE2118RSG-RSG,2017-02-20,10
36757,DTAE2118RSG-RSG,2017-02-27,21
36758,DTAE2118RSG-RSG,2017-03-06,17
36759,DTAE2118RSG-RSG,2017-03-13,39
36760,DTAE2118RSG-RSG,2017-03-20,25
36761,DTAE2118RSG-RSG,2017-03-27,3
36762,DTAE2118RSG-RSG,2017-04-03,4
36763,DTAE2118RSG-RSG,2017-04-10,15
36764,DTAE2118RSG-RSG,2017-04-17,5
36765,DTAE2118RSG-RSG,2017-04-24,12
36766,DTAE2118RSG-RSG,2017-05-01,2
36767,DTAE2118RSG-RSG,2017-05-08,6
36768,DTAE2118RSG-RSG,2017-05-15,8
36769,DTAE2118RSG-RSG,2017-05-29,10
38526,DTALN-610083RG,2017-08-21,8
38527,DTALN-610083RG,2017-08-28,28
38528,DTALN-610083RG,2017-09-18,25
38529,DTALN-610083RG,2017-09-25,50
38530,DTALN-610083RG,2017-10-09,68
38531,DTALN-610083RG,2017-10-16,42
38532,DTALN-610083RG,2017-10-23,22
38533,DTALN-610083RG,2017-10-30,13
38534,DTALN-610083RG,2017-11-06,17
38535,DTALN-610083RG,2017-11-13,51
38536,DTALN-610083RG,2017-12-04,1
38537,DTALN-610083RG,2017-12-18,6
38538,DTALN-610083RG,2017-12-25,6
38539,DTALN-610083RG,2018-01-01,11
38540,DTALN-610083RG,2018-01-15,24
38541,DTALN-610083RG,2018-01-22,30
38542,DTALN-610083RG,2018-01-29,16
38543,DTALN-610083RG,2018-02-05,1
38544,DTALN-610083RG,2018-02-12,22
38545,DTALN-610083RG,2018-02-19,13
38546,DTALN-610083RG,2018-02-26,13
38547,DTALN-610083RG,2018-03-05,6
38548,DTALN-610083RG,2018-03-12,12
38549,DTALN-610083RG,2018-03-19,19
38550,DTALN-610083RG,2018-03-26,25
38551,DTALN-610083RG,2018-04-02,14
38552,DTALN-610083RG,2018-04-09,22
38553,DTALN-610083RG,2018-04-16,13
38554,DTALN-610083RG,2018-04-23,22
38555,DTALN-610083RG,2018-04-30,22
38556,DTALN-610083RG,2018-05-07,16
38557,DTALN-610083RG,2018-05-14,35
38558,DTALN-610083RG,2018-05-21,33
38559,DTALN-610083RG,2018-05-28,26
38560,DTALN-610083RG,2018-06-04,12
38561,DTALN-610083RG,2018-06-11,51
38562,DTALN-610083RG,2018-06-25,106
38563,DTALN-610083RG,2018-07-02,39
38564,DTALN-610083RG,2018-07-09,13
38565,DTALN-610083RG,2018-07-16,23
38566,DTALN-610083RG,2018-07-23,30
38567,DTALN-610083RG,2018-07-30,42
38568,DTALN-610083RG,2018-08-13,35
38569,DTALN-610083RG,2018-08-20,21
38570,DTALN-610083RG,2018-08-27,40
38571,DTALN-610083RG,2018-09-03,15
38572,DTALN-610083RG,2018-09-10,73
38573,DTALN-610083RG,2018-09-17,25
39306,DTAN1107IV-BRN,2016-01-04,132
39307,DTAN1107IV-BRN,2016-01-11,96
39308,DTAN1107IV-BRN,2016-01-18,120
39309,DTAN1107IV-BRN,2016-01-25,120
39310,DTAN1107IV-BRN,2016-02-01,12
39311,DTAN1107IV-BRN,2016-02-08,36
39312,DTAN1107IV-BRN,2016-05-16,12
39313,DTAN1107IV-BRN,2016-06-27,1
39314,DTAN1107IV-BRN,2016-07-04,7
39315,DTAN1107IV-BRN,2016-07-11,2
39316,DTAN1107IV-BRN,2016-07-18,4
39317,DTAN1107IV-BRN,2016-07-25,28
39318,DTAN1107IV-BRN,2016-08-01,40
39319,DTAN1107IV-BRN,2016-08-15,18
39320,DTAN1107IV-BRN,2016-08-22,13
39321,DTAN1107IV-BRN,2016-08-29,14
39322,DTAN1107IV-BRN,2016-09-05,42
39323,DTAN1107IV-BRN,2016-09-12,17
39324,DTAN1107IV-BRN,2016-09-19,19
39325,DTAN1107IV-BRN,2016-09-26,47
39326,DTAN1107IV-BRN,2016-10-03,53
39327,DTAN1107IV-BRN,2016-10-10,21
39328,DTAN1107IV-BRN,2016-10-17,58
39329,DTAN1107IV-BRN,2016-10-24,27
39330,DTAN1107IV-BRN,2016-10-31,30
39331,DTAN1107IV-BRN,2016-11-07,29
39332,DTAN1107IV-BRN,2016-11-14,18
39333,DTAN1107IV-BRN,2016-11-21,24
39334,DTAN1107IV-BRN,2016-11-28,38
39335,DTAN1107IV-BRN,2016-12-05,109
39336,DTAN1107IV-BRN,2016-12-12,45
39337,DTAN1107IV-BRN,2016-12-19,41
39338,DTAN1107IV-BRN,2017-01-16,108
39339,DTAN1107IV-BRN,2017-01-23,43
39340,DTAN1107IV-BRN,2017-01-30,6
39341,DTAN1107IV-BRN,2017-02-06,6
39342,DTAN1107IV-BRN,2017-02-13,6
39343,DTAN1107IV-BRN,2017-02-20,5
39344,DTAN1107IV-BRN,2017-02-27,7
39345,DTAN1107IV-BRN,2017-03-06,8
39346,DTAN1107IV-BRN,2017-03-13,9
39347,DTAN1107IV-BRN,2017-03-20,19
39348,DTAN1107IV-BRN,2017-03-27,5
39349,DTAN1107IV-BRN,2017-04-03,3
39350,DTAN1107IV-BRN,2017-04-10,72
39351,DTAN1107IV-BRN,2017-04-17,8
39352,DTAN1107IV-BRN,2017-04-24,14
39353,DTAN1107IV-BRN,2017-05-01,4
39354,DTAN1107IV-BRN,2017-05-08,10
39355,DTAN1107IV-BRN,2017-05-15,12
39356,DTAN1107IV-BRN,2017-05-29,28
39357,DTAN1107IV-BRN,2017-06-05,6
39358,DTAN1107IV-BRN,2017-06-12,5
39359,DTAN1107IV-BRN,2017-07-03,49
39360,DTAN1107IV-BRN,2017-07-10,4
39361,DTAN1107IV-BRN,2017-07-17,12
39362,DTAN1107IV-BRN,2017-07-24,13
39363,DTAN1107IV-BRN,2017-07-31,11
39364,DTAN1107IV-BRN,2017-08-07,32
39365,DTAN1107IV-BRN,2017-08-21,22
39366,DTAN1107IV-BRN,2017-08-28,19
39367,DTAN1107IV-BRN,2017-09-18,14
39368,DTAN1107IV-BRN,2017-09-25,23
39369,DTAN1107IV-BRN,2017-10-09,25
39370,DTAN1107IV-BRN,2018-01-15,52
39371,DTAN1107IV-BRN,2018-01-22,87
39372,DTAN1107IV-BRN,2018-01-29,31
39373,DTAN1107IV-BRN,2018-02-05,1
39374,DTAN1107IV-BRN,2018-02-12,5
39375,DTAN1107IV-BRN,2018-02-19,9
39376,DTAN1107IV-BRN,2018-02-26,8
39377,DTAN1107IV-BRN,2018-03-05,7
39378,DTAN1107IV-BRN,2018-03-12,5
39379,DTAN1107IV-BRN,2018-03-19,9
40700,DTAN1190CHA,2016-01-04,36
40701,DTAN1190CHA,2016-01-25,24
40702,DTAN1190CHA,2016-02-22,48
40703,DTAN1190CHA,2016-03-21,24
40704,DTAN1190CHA,2016-03-28,144
40705,DTAN1190CHA,2016-04-25,48
40706,DTAN1190CHA,2016-05-02,48
40707,DTAN1190CHA,2016-05-09,36
40708,DTAN1190CHA,2016-05-16,24
40709,DTAN1190CHA,2016-05-30,48
40710,DTAN1190CHA,2016-06-06,72
40711,DTAN1190CHA,2016-06-20,144
40712,DTAN1190CHA,2016-07-04,60
40713,DTAN1190CHA,2016-07-18,12
40714,DTAN1190CHA,2016-07-25,108
40715,DTAN1190CHA,2016-08-08,84
40716,DTAN1190CHA,2016-08-22,84
40717,DTAN1190CHA,2016-09-12,12
40718,DTAN1190CHA,2016-09-26,108
40719,DTAN1190CHA,2016-10-10,24
40720,DTAN1190CHA,2016-10-24,24
40721,DTAN1190CHA,2016-10-31,72
40722,DTAN1190CHA,2016-11-07,24
40723,DTAN1190CHA,2016-11-14,12
40724,DTAN1190CHA,2016-11-21,36
40725,DTAN1190CHA,2016-11-28,24
40726,DTAN1190CHA,2016-12-05,24
40727,DTAN1190CHA,2016-12-19,24
40728,DTAN1190CHA,2016-12-26,12
40729,DTAN1190CHA,2017-01-02,36
40730,DTAN1190CHA,2017-01-09,48
40731,DTAN1190CHA,2017-01-23,24
40732,DTAN1190CHA,2017-02-06,12
40733,DTAN1190CHA,2017-02-13,36
40734,DTAN1190CHA,2017-02-20,12
40735,DTAN1190CHA,2017-03-06,12
40736,DTAN1190CHA,2017-03-13,12
40737,DTAN1190CHA,2017-03-27,36
40738,DTAN1190CHA,2017-04-10,12
40739,DTAN1190CHA,2017-04-24,12
40740,DTAN1190CHA,2017-05-08,12
40741,DTAN1190CHA,2017-06-19,24
40742,DTAN1190CHA,2017-07-03,12
40743,DTAN1190CHA,2017-07-17,12
40744,DTAN1190CHA,2017-07-24,48
40745,DTAN1190CHA,2017-09-11,24
40746,DTAN1190CHA,2017-10-02,48
40747,DTAN1190CHA,2017-10-30,36
40748,DTAN1190CHA,2018-02-05,24
40749,DTAN1190CHA,2018-05-14,36
40750,DTAN1190CHA,2018-06-11,12
40751,DTAN1190CHA,2018-08-20,60
40752,DTAN1190CHA,2018-09-03,120
40753,DTAN1190CHA,2018-09-17,12
40754,DTAN1190CHA,2018-10-01,12
40755,DTAN1190JET,2016-01-04,36
40756,DTAN1190JET,2016-01-25,24
40757,DTAN1190JET,2016-02-01,12
40758,DTAN1190JET,2016-03-28,71
40759,DTAN1190JET,2016-04-25,48
40760,DTAN1190JET,2016-05-02,24
40761,DTAN1190JET,2016-05-09,84
40762,DTAN1190JET,2016-05-16,48
40763,DTAN1190JET,2016-05-23,12
40764,DTAN1190JET,2016-06-20,24
40765,DTAN1190JET,2016-07-04,12
40766,DTAN1190JET,2016-07-18,12
40767,DTAN1190JET,2016-07-25,60
40768,DTAN1190JET,2016-08-08,72
40769,DTAN1190JET,2016-08-15,12
40770,DTAN1190JET,2016-08-22,12
40771,DTAN1190JET,2016-08-29,12
40772,DTAN1190JET,2016-09-05,12
40773,DTAN1190JET,2016-09-12,24
40774,DTAN1190JET,2016-09-19,24
40775,DTAN1190JET,2016-09-26,24
40776,DTAN1190JET,2016-10-03,96
40777,DTAN1190JET,2016-10-17,24
40778,DTAN1190JET,2016-10-24,36
40779,DTAN1190JET,2016-10-31,132
40780,DTAN1190JET,2016-11-14,24
40781,DTAN1190JET,2016-11-21,48
40782,DTAN1190JET,2016-11-28,24
40783,DTAN1190JET,2016-12-05,36
40784,DTAN1190JET,2016-12-19,48
40785,DTAN1190JET,2016-12-26,12
40786,DTAN1190JET,2017-01-02,24
40787,DTAN1190JET,2017-01-09,48
40788,DTAN1190JET,2017-01-23,24
40789,DTAN1190JET,2017-02-06,12
40790,DTAN1190JET,2017-03-06,12
40791,DTAN1190JET,2017-03-27,24
40792,DTAN1190JET,2017-05-08,12
40793,DTAN1190JET,2017-06-12,24
40794,DTAN1190JET,2017-06-19,48
40795,DTAN1190JET,2017-07-24,36
40796,DTAN1190JET,2017-08-07,24
40797,DTAN1190JET,2017-08-14,72
40798,DTAN1190JET,2017-09-11,12
40799,DTAN1190JET,2017-09-25,36
40800,DTAN1190JET,2017-10-09,24
40801,DTAN1190JET,2017-10-23,12
40802,DTAN1190JET,2017-10-30,24
40803,DTAN1190JET,2017-11-13,36
40804,DTAN1190JET,2018-01-15,12
40805,DTAN1190JET,2018-03-19,24
40806,DTAN1190JET,2018-05-14,36
40807,DTAN1190JET,2018-06-25,36
40808,DTAN1190JET,2018-07-23,72
40809,DTAN1190JET,2018-07-30,24
40810,DTAN1190JET,2018-08-06,48
40811,DTAN1190JET,2018-08-13,24
40812,DTAN1190JET,2018-08-20,60
40813,DTAN1190JET,2018-08-27,12
40814,DTAN1190JET,2018-09-17,24
40815,DTAN1190JET,2018-09-24,24
40816,DTAN1190PJA,2016-01-04,36
40817,DTAN1190PJA,2016-01-25,36
40818,DTAN1190PJA,2016-02-01,12
40819,DTAN1190PJA,2016-02-29,60
40820,DTAN1190PJA,2016-03-21,36
40821,DTAN1190PJA,2016-03-28,156
40822,DTAN1190PJA,2016-04-04,72
40823,DTAN1190PJA,2016-04-25,48
40824,DTAN1190PJA,2016-05-02,24
40825,DTAN1190PJA,2016-05-09,84
40826,DTAN1190PJA,2016-05-16,72
40827,DTAN1190PJA,2016-05-23,12
40828,DTAN1190PJA,2016-06-06,36
40829,DTAN1190PJA,2016-06-20,36
40830,DTAN1190PJA,2016-07-18,72
40831,DTAN1190PJA,2016-07-25,12
40832,DTAN1190PJA,2016-08-01,84
40833,DTAN1190PJA,2016-08-08,60
40834,DTAN1190PJA,2016-08-15,60
40835,DTAN1190PJA,2016-08-22,12
40836,DTAN1190PJA,2016-08-29,12
40837,DTAN1190PJA,2016-09-05,24
40838,DTAN1190PJA,2016-09-12,36
40839,DTAN1190PJA,2016-09-19,12
40840,DTAN1190PJA,2016-10-03,120
40841,DTAN1190PJA,2016-10-17,48
40842,DTAN1190PJA,2016-10-24,36
40843,DTAN1190PJA,2016-10-31,132
40844,DTAN1190PJA,2016-11-14,24
40845,DTAN1190PJA,2016-11-28,100
40846,DTAN1190PJA,2016-12-05,24
40847,DTAN1190PJA,2016-12-19,48
40848,DTAN1190PJA,2017-01-02,36
40849,DTAN1190PJA,2017-01-09,48
40850,DTAN1190PJA,2017-01-23,36
40851,DTAN1190PJA,2017-02-06,12
40852,DTAN1190PJA,2017-02-13,24
40853,DTAN1190PJA,2017-02-20,12
40854,DTAN1190PJA,2017-03-06,12
40855,DTAN1190PJA,2017-03-27,36
40856,DTAN1190PJA,2017-04-10,12
40857,DTAN1190PJA,2017-04-24,36
40858,DTAN1190PJA,2017-06-05,24
40859,DTAN1190PJA,2017-06-19,24
40860,DTAN1190PJA,2017-07-17,12
40861,DTAN1190PJA,2017-07-24,36
40862,DTAN1190PJA,2017-08-07,36
40863,DTAN1190PJA,2017-08-14,12
40864,DTAN1190PJA,2017-09-25,12
40865,DTAN1190PJA,2017-10-09,24
40866,DTAN1190PJA,2017-10-23,24
40867,DTAN1190PJA,2017-11-13,48
40868,DTAN1190PJA,2018-01-15,12
40869,DTAN1190PJA,2018-03-19,24
40870,DTAN1190PJA,2018-05-14,36
40871,DTAN1190PJA,2018-06-25,36
40872,DTAN1190PJA,2018-07-23,84
40873,DTAN1190PJA,2018-07-30,24
40874,DTAN1190PJA,2018-08-06,48
40875,DTAN1190PJA,2018-08-20,60
40876,DTAN1190PJA,2018-08-27,12
40877,DTAN1190PJA,2018-09-10,12
40878,DTAN1190PJA,2018-09-17,12
40879,DTAN1190PJA,2018-09-24,12
44334,DTAN200HEM,2017-04-03,108
44335,DTAN200HEM,2017-04-10,48
44336,DTAN200HEM,2017-04-24,12
44337,DTAN200HEM,2017-05-01,96
44338,DTAN200HEM,2017-05-08,48
44339,DTAN200HEM,2017-05-15,48
44340,DTAN200HEM,2017-06-12,72
44341,DTAN200HEM,2017-06-19,84
44342,DTAN200HEM,2017-07-24,12
44343,DTAN200HEM,2017-07-31,12
44344,DTAN200HEM,2017-08-07,24
44345,DTAN200HEM,2017-08-14,24
44346,DTAN200HEM,2017-09-18,12
44347,DTAN200HEM,2017-10-09,48
44348,DTAN200HEM,2017-10-23,12
44349,DTAN200HEM,2017-10-30,12
44350,DTAN200HEM,2017-11-06,48
44351,DTAN200HEM,2017-12-25,24
44352,DTAN200HEM,2018-01-01,24
44353,DTAN200HEM,2018-01-22,36
44354,DTAN200HEM,2018-02-12,36
44355,DTAN200HEM,2018-05-07,12
44356,DTAN200HEM,2018-06-04,12
44357,DTAN200HEM,2018-06-11,12
44358,DTAN200HEM,2018-06-18,36
44359,DTAN200HEM,2018-06-25,36
44360,DTAN200HEM,2018-07-16,12
44361,DTAN200HEM,2018-08-06,12
44362,DTAN200HEM,2018-08-13,12
44363,DTAN200HEM,2018-08-20,36
44364,DTAN200HEM,2018-09-03,12
44365,DTAN200HEM,2018-09-10,24
44366,DTAN200HEM,2018-09-17,72
45696,DTAN627GD-AMZ,2016-06-27,6
45697,DTAN627GD-AMZ,2016-07-04,8
45698,DTAN627GD-AMZ,2016-07-11,4
45699,DTAN627GD-AMZ,2016-07-18,6
45700,DTAN627GD-AMZ,2016-07-25,20
45701,DTAN627GD-AMZ,2016-08-01,18
45702,DTAN627GD-AMZ,2016-08-08,23
45703,DTAN627GD-AMZ,2016-08-15,17
45704,DTAN627GD-AMZ,2016-08-29,14
45705,DTAN627GD-AMZ,2016-09-05,29
45706,DTAN627GD-AMZ,2016-09-12,17
45707,DTAN627GD-AMZ,2016-09-19,9
45708,DTAN627GD-AMZ,2016-09-26,29
45709,DTAN627GD-AMZ,2016-10-03,116
45710,DTAN627GD-AMZ,2016-10-10,12
45711,DTAN627GD-AMZ,2016-10-17,13
45712,DTAN627GD-AMZ,2016-10-24,10
45713,DTAN627GD-AMZ,2016-10-31,20
45714,DTAN627GD-AMZ,2016-11-07,12
45715,DTAN627GD-AMZ,2016-11-14,22
45716,DTAN627GD-AMZ,2016-11-21,10
45717,DTAN627GD-AMZ,2016-11-28,21
45718,DTAN627GD-AMZ,2016-12-05,4
45719,DTAN627GD-AMZ,2016-12-12,30
45720,DTAN627GD-AMZ,2016-12-19,5
45721,DTAN627GD-AMZ,2017-01-09,2
45722,DTAN627GD-AMZ,2017-01-23,25
45723,DTAN627GD-AMZ,2017-01-30,3
45724,DTAN627GD-AMZ,2017-02-06,1
45725,DTAN627GD-AMZ,2017-02-13,1
45726,DTAN627GD-AMZ,2017-02-20,1
45727,DTAN627GD-AMZ,2017-02-27,5
45728,DTAN627GD-AMZ,2017-03-06,6
45729,DTAN627GD-AMZ,2017-03-13,19
45730,DTAN627GD-AMZ,2017-03-20,1
